id,last_name,email,age,gender
1,Labin,llabin0@nps.gov,58,0
2,Soppeth,jsoppeth1@chron.com,50,1
3,Godson,dgodson2@parallels.com,29,1
4,Drioli,kdrioli3@over-blog.com,56,1
5,Fairley,jfairley4@skyrock.com,24,1
6,Chittleburgh,uchittleburgh5@cdc.gov,27,0
7,Daine,wdaine6@blinklist.com,35,0
8,Sommerville,dsommerville7@addtoany.com,39,1
9,Leavesley,nleavesley8@netvibes.com,31,1
10,Beidebeke,cbeidebeke9@naver.com,53,1
11,Czyz,aczyza@issuu.com,36,0
12,Howle,thowleb@mtv.com,24,1
13,Haggerty,shaggertyc@youtu.be,20,1
14,Gallatly,ngallatlyd@marketwatch.com,51,0
15,Brinkman,cbrinkmane@geocities.com,28,0
16,Willcocks,bwillcocksf@xing.com,48,0
17,Gurr,kgurrg@cisco.com,36,0
18,Calow,fcalowh@wix.com,48,1
19,Forsyde,dforsydei@apple.com,31,1
20,Fieldgate,ffieldgatej@list-manage.com,51,1
21,Hargitt,dhargittk@nyu.edu,49,0
22,Tritton,dtrittonl@unc.edu,21,1
23,Dufaire,sdufairem@rakuten.co.jp,51,0
24,Cawcutt,bcawcuttn@answers.com,54,0
25,Barczynski,lbarczynskio@tmall.com,59,1
26,Daybell,mdaybellp@wufoo.com,22,1
27,Comins,mcominsq@lycos.com,44,0
28,Mowle,gmowler@marriott.com,46,1
29,King,akings@squarespace.com,41,1
30,Ziemecki,mziemeckit@usatoday.com,41,0
31,De Atta,pdeattau@oracle.com,57,0
32,Kewish,bkewishv@photobucket.com,46,0
33,Banck,abanckw@surveymonkey.com,43,1
34,Inglesant,hinglesantx@nyu.edu,28,0
35,Probart,dprobarty@gmpg.org,39,1
36,Pfeffel,jpfeffelz@mlb.com,52,1
37,MacClancey,cmacclancey10@opera.com,51,1
38,Evensden,mevensden11@opera.com,51,1
39,De Paepe,cdepaepe12@w3.org,27,0
40,Guillou,jguillou13@flickr.com,29,0
41,Trevan,ktrevan14@comcast.net,39,1
42,Polamontayne,ipolamontayne15@baidu.com,51,0
43,Chaffer,echaffer16@desdev.cn,23,1
44,Buist,sbuist17@dot.gov,22,1
45,Gravell,agravell18@oakley.com,20,1
46,Penton,ipenton19@skype.com,50,1
47,Vaar,gvaar1a@rakuten.co.jp,23,0
48,Scorer,sscorer1b@npr.org,44,0
49,Imlock,timlock1c@flavors.me,22,0
50,Baldcock,ebaldcock1d@amazon.co.jp,48,1
51,Joselevitch,ajoselevitch1e@youku.com,22,0
52,Gipps,egipps1f@prnewswire.com,53,0
53,Heeran,mheeran1g@columbia.edu,58,0
54,Collet,ecollet1h@sfgate.com,39,1
55,Serjent,oserjent1i@hao123.com,49,1
56,Bradberry,jbradberry1j@apple.com,57,0
57,Coysh,xcoysh1k@pbs.org,26,1
58,Winston,mwinston1l@newyorker.com,47,0
59,Tinman,ctinman1m@sphinn.com,55,1
60,Widdecombe,hwiddecombe1n@delicious.com,35,1
61,Vernay,bvernay1o@admin.ch,59,1
62,Gallop,pgallop1p@answers.com,47,1
63,Krystof,kkrystof1q@statcounter.com,52,1
64,Gardiner,ggardiner1r@huffingtonpost.com,58,0
65,Issitt,vissitt1s@spotify.com,52,1
66,D'Alwis,pdalwis1t@nyu.edu,20,0
67,Cargenven,ccargenven1u@moonfruit.com,28,1
68,Smitheram,tsmitheram1v@blinklist.com,38,1
69,Apfelmann,eapfelmann1w@icq.com,55,0
70,Rasher,crasher1x@amazonaws.com,28,0
71,Eathorne,neathorne1y@miibeian.gov.cn,55,0
72,Buddle,kbuddle1z@linkedin.com,47,0
73,Kolak,ckolak20@i2i.jp,35,1
74,Brimble,mbrimble21@taobao.com,20,1
75,Dublin,rdublin22@storify.com,20,0
76,Tudor,mtudor23@g.co,24,0
77,Barkas,hbarkas24@ustream.tv,36,1
78,Chessor,nchessor25@icio.us,29,1
79,Balnave,mbalnave26@unblog.fr,20,0
80,Hutchin,jhutchin27@japanpost.jp,60,1
81,Crosfield,bcrosfield28@nsw.gov.au,38,1
82,Jeanon,rjeanon29@macromedia.com,34,0
83,Lowrie,clowrie2a@foxnews.com,22,0
84,Kollach,akollach2b@cdc.gov,56,0
85,MacCrossan,rmaccrossan2c@sogou.com,60,1
86,Snelgrove,asnelgrove2d@mysql.com,55,0
87,Will,ywill2e@phpbb.com,21,0
88,Tefft,dtefft2f@blogger.com,58,1
89,Broadbent,mbroadbent2g@bigcartel.com,33,1
90,Crosswaite,ecrosswaite2h@yahoo.com,26,1
91,Stickings,lstickings2i@bluehost.com,56,0
92,Lightwing,elightwing2j@nps.gov,44,1
93,Matuschek,amatuschek2k@mediafire.com,32,0
94,Dreinan,mdreinan2l@bbb.org,60,0
95,Weinham,tweinham2m@comsenz.com,38,0
96,O'Hear,sohear2n@163.com,52,1
97,Ledwidge,aledwidge2o@51.la,49,1
98,Lumsdale,slumsdale2p@usda.gov,24,0
99,Antonin,gantonin2q@infoseek.co.jp,51,1
100,Terram,hterram2r@instagram.com,56,1
101,Golt,mgolt2s@sbwire.com,45,1
102,Nast,knast2t@com.com,59,1
103,Macveigh,smacveigh2u@liveinternet.ru,29,1
104,Cottier,bcottier2v@webnode.com,42,0
105,Hawkslee,phawkslee2w@dedecms.com,58,0
106,Ladley,aladley2x@fema.gov,41,1
107,Blum,ablum2y@sakura.ne.jp,40,0
108,Quartley,kquartley2z@sogou.com,23,0
109,Nurden,cnurden30@devhub.com,39,0
110,Franzetti,afranzetti31@lycos.com,34,0
111,Turfrey,iturfrey32@netvibes.com,42,0
112,Caldero,bcaldero33@examiner.com,21,0
113,Yoskowitz,jyoskowitz34@wisc.edu,39,1
114,Vallentin,bvallentin35@ted.com,47,1
115,Sked,rsked36@sun.com,33,0
116,Nuschke,dnuschke37@omniture.com,26,0
117,Ghelardi,eghelardi38@liveinternet.ru,39,1
118,Barniss,abarniss39@cbc.ca,31,0
119,Robiot,trobiot3a@chron.com,50,0
120,Bracken,dbracken3b@mozilla.com,32,1
121,Gareisr,bgareisr3c@cargocollective.com,21,1
122,McSaul,mmcsaul3d@myspace.com,45,0
123,Maciaszek,pmaciaszek3e@hibu.com,34,1
124,Elson,oelson3f@plala.or.jp,59,0
125,Criple,ncriple3g@livejournal.com,29,0
126,Kenan,tkenan3h@engadget.com,24,1
127,Kneeshaw,lkneeshaw3i@yahoo.co.jp,52,0
128,Critchlow,lcritchlow3j@ask.com,58,0
129,Pitman,gpitman3k@wordpress.org,55,1
130,O'Hagerty,dohagerty3l@cnn.com,34,1
131,Vouls,jvouls3m@meetup.com,59,1
132,Catto,gcatto3n@walmart.com,55,1
133,Hackinge,fhackinge3o@about.com,39,1
134,Llop,hllop3p@histats.com,39,0
135,Derrell,cderrell3q@mit.edu,57,0
136,Geare,ggeare3r@canalblog.com,52,1
137,Downing,ndowning3s@time.com,23,1
138,Gilhooly,egilhooly3t@chron.com,60,1
139,Branchet,rbranchet3u@google.com.au,50,0
140,Bartaloni,gbartaloni3v@wikimedia.org,25,0
141,Winslett,vwinslett3w@about.com,51,1
142,Cantillon,ccantillon3x@boston.com,44,1
143,Petrulis,bpetrulis3y@baidu.com,34,0
144,Belfelt,kbelfelt3z@prnewswire.com,46,0
145,Liggons,yliggons40@phpbb.com,57,0
146,Perllman,dperllman41@vimeo.com,31,1
147,Fortescue,jfortescue42@moonfruit.com,47,1
148,Vannoort,dvannoort43@prweb.com,47,0
149,Haggus,khaggus44@studiopress.com,22,0
150,Matic,bmatic45@miibeian.gov.cn,34,1
151,Oak,soak46@nsw.gov.au,49,1
152,Huntly,khuntly47@baidu.com,33,0
153,Verner,dverner48@engadget.com,38,1
154,Durn,cdurn49@vinaora.com,42,1
155,Kalisch,ckalisch4a@cloudflare.com,60,1
156,Meert,zmeert4b@shop-pro.jp,24,1
157,Ilbert,cilbert4c@theatlantic.com,36,1
158,Cariss,dcariss4d@sina.com.cn,31,1
159,Conti,dconti4e@plala.or.jp,47,0
160,Fewings,afewings4f@google.cn,56,1
161,Dickinson,ldickinson4g@ox.ac.uk,30,1
162,Cleare,mcleare4h@ft.com,52,1
163,Sunley,csunley4i@furl.net,22,1
164,Legier,blegier4j@people.com.cn,44,0
165,Stiegars,cstiegars4k@hubpages.com,48,0
166,Dripp,ndripp4l@scribd.com,57,1
167,Johl,ejohl4m@pen.io,45,1
168,Bardnam,abardnam4n@1688.com,42,1
169,Carff,dcarff4o@etsy.com,48,0
170,Giannoni,jgiannoni4p@domainmarket.com,54,1
171,Halpeine,ohalpeine4q@merriam-webster.com,26,1
172,Swindlehurst,cswindlehurst4r@cisco.com,30,0
173,Edger,pedger4s@columbia.edu,49,0
174,Covey,lcovey4t@ycombinator.com,55,0
175,Ilyasov,jilyasov4u@cbslocal.com,54,1
176,Sangster,msangster4v@paypal.com,48,1
177,Blint,nblint4w@delicious.com,60,0
178,Bowden,mbowden4x@nhs.uk,21,1
179,McPhilemy,wmcphilemy4y@whitehouse.gov,50,0
180,Rannie,rrannie4z@weather.com,25,0
181,O'Sherin,cosherin50@friendfeed.com,24,0
182,Symes,tsymes51@usda.gov,52,0
183,Rubra,wrubra52@paginegialle.it,41,0
184,Lindblad,ilindblad53@acquirethisname.com,24,1
185,Easterby,beasterby54@cargocollective.com,59,0
186,Matten,cmatten55@abc.net.au,57,1
187,Waskett,hwaskett56@noaa.gov,21,1
188,Siemons,dsiemons57@salon.com,24,1
189,Terrington,jterrington58@addthis.com,23,1
190,Calender,mcalender59@facebook.com,50,0
191,Mullaney,cmullaney5a@virginia.edu,32,0
192,Beardshaw,pbeardshaw5b@google.com,43,1
193,Bogey,hbogey5c@bbb.org,43,1
194,Shannahan,mshannahan5d@dedecms.com,49,1
195,Mulvaney,lmulvaney5e@fema.gov,36,0
196,Greenhow,jgreenhow5f@1688.com,21,1
197,Battelle,lbattelle5g@baidu.com,54,0
198,Lippett,tlippett5h@spotify.com,45,1
199,Whoston,swhoston5i@addtoany.com,33,0
200,Oxshott,joxshott5j@histats.com,30,1
